"name","B"
"Ben Anderson","R"
"Andy Archer","R"
"Ashton Bardzell","R"
"Trey Benton","R"
"Caleb Bolden","R"
"Spencer Brickhouse","L"
"Daniel Cabrera","L"
"Hunter Coleman","R"
"Jared DiCesare","R"
"Danny DiGeorgio","R"
"Tyler Fitzgerald","R"
"Jake Garella","R"
"Bryan Hoeing","R"
"Greer Holston","R"
"Gabe Holt","L"
"Spencer Horwitz","L"
"Cooper Johnson","R"
"Grae Kessinger","R"
"Heston Kjerstad","L"
"David Langer","R"
"Justin Lasko","R"
"Casey Legumina","R"
"Lyle Lin","R"
"Jake Mackenzie","R"
"Kyle Martin","R"
"Michael McAvene","R"
"Sam Messina","R"
"Nick Morreale","R"
"Chase Murray","L"
"Danny Oriente","R"
"Zachary Peek","R"
"Thaddeus Phillips","R"
"Austin Pope","R"
"Anthony Prato","R"
"Mike Ruff","R"
"Harrison Rutkowski","R"
"Andrew Saalfrank","L"
"Jamie Sara","R"
"Oscar Serratos","R"
"Tyle Shedler-McAvoy","R"
"Bodie Sheehan","L"
"Braden Shewmake","L"
"William Simoneit","R"
"Jared Triolo","R"
"Trey Van Der Weide","S"
"Jacob Wallace","R"
"Benjamin Wereski","L"
"Alika Williams","R"
"Gavin Williams","L"
"Connor Wollersheim","L"
"James Acuna","R"
"Ray Alejo","R"
"Justin Ammons","L"
"Darren Baker","L"
"Darren Baker","L"
"Brady Basso","R"
"Randy Bednar","R"
"Carter Bins","R"
"Hunter Bishop","L"
"John Cain","L"
"Kyle Cameron","R"
"Dominic Canzone","L"
"Brett Centracchio","L"
"Carson Coleman","R"
"Jeff Criswell","R"
"Reid Detmers","L"
"Joseph Donovan","R"
"Benjamin Dragani","L"
"Cameron Eden","R"
"Evan Flynn","R"
"Jesse Franklin","L"
"Ike Freeman","R"
"Conor Grammes","R"
"Owen Griffith","R"
"Jacob Hennessy","L"
"Ryan Hogan","R"
"Jeremy Houston","R"
"Chance Hroch","R"
"Jarrod Huber","R"
"Zach Linginfelter","L"
"Austin Lively","L"
"Seth Lonsway","L"
"Chris Machamer","R"
"Allbry Major","S"
"Connor Manous","R"
"Brandon Martorano","R"
"Michael Massey","L"
"Conor McNamara","R"
"Morgan McSweeney","R"
"Jared Melone","R"
"Bobby Miller","R"
"Christian Molfetta","R"
"Chris Murphy","L"
"Jack Owen","L"
"Ashton Raines","R"
"Hernen Sardinas","L"
"Zach Schneider","R"
"Andrew Schultz","R"
"Randy Taveras","R"
"Steven Theetge","R"
"Ryan Thompson","R"
"Zack Thompson","L"
"Johnny Tuccillo","R"
"Brayden Weyer","R"
"Brandon Wilkes","R"
"Taylor Williams","R"
"Paul Witt","R"
"Gage Workman","S"
"Christopher Wright","L"
"Brandon Wulff","R"
"Jorge Arenas","R"
"Jeff Belge","L"
"Austin Bergner","R"
"Cody Bradford","L"
"Michael Busch","L"
"Jack Conlon","R"
"Asher Cook","R"
"CJ Dandeneau","R"
"Davis Daniel","R"
"Tristin English","R"
"Adam Fogel","R"
"RJ Freure","R"
"Branden Fryman","R"
"Hunter Gaddis","R"
"Dan Hammer","R"
"Cole Heavilin","R"
"Kyle Hurt","R"
"Cam Jabara","R"
"Greg Jones","S"
"Nick Kahle","R"
"Zach King","L"
"Michael Kirian","R"
"Shea Langeliers","R"
"Joseph Lowder","L"
"Alek Manoah","R"
"Reeves Martin","L"
"Kyle McCann","L"
"Ashton McGee","L"
"John McMillon","L"
"Drew Mendoza","L"
"Andrew Miller","L"
"Troy Miller","R"
"Colby Morris","R"
"Zack Noll","R"
"Neil Pallante","R"
"Colin Peluse","R"
"Ben Ramirez","L"
"John Rave","L"
"Brock Riley","R"
"Blake Sabol","L"
"Nick Scheidler","R"
"Colin Simpson","L"
"Jake Snider","L"
"Jake Taylor","R"
"Rylan Thomas","R"
"Spencer Torkelson","R"
"Dan Valerio","R"
"Spencer Van Scoyoc","L"
"Gregory Veliz","L"
"Benny Wanger","L"
"Jackson Wark","L"
"Austin Wilhite","R"
"Rankin Woley","R"
"Andrew Baker","L"
"John Baker","R"
"Zachary Biermann","L"
"Bryce Bonnin","R"
"Joe Boyle","R"
"Hunter Brown","R"
"Beau Brundage","L"
"Peyton Burdick","R"
"Raphael Chaumette","L"
"Luke Chevalier","R"
"Zane Collins","R"
"Wil Dalton","R"
"Jake Dexter","R"
"Thomas Dillard","S"
"Duke Ellis","L"
"Nic Enright","R"
"Mathieu Gauthier","R"
"Garrett Gayle","R"
"Keagan Gillies","R"
"Jakob Goldfarb","L"
"Nick Gonzales","R"
"Trey Holland","L"
"Zach Humphreys","R"
"Trey Jacobs","L"
"Bryce Jarvis","R"
"Eric Jones","R"
"Corey Joyce","R"
"Kyle Kemp","R"
"Ryan Lefner","R"
"ChristopherP Lincoln","R"
"Matt McCourt","R"
"Morgan McCullough","L"
"Jordan McFarland","R"
"Griffin McLarty","L"
"Deacon Medders","R"
"Addison Moss","R"
"Shane Muntz","R"
"Adam Oviedo","R"
"Rey Pastrana","R"
"Jason Reynolds","R"
"Ryan Reynolds","S"
"Jonathan Robertson","L"
"Henry Ryan","R"
"Michael Salvatore","R"
"Stephen Schoch","R"
"Seth Shuman","R"
"Andrew Smith","R"
"Brady Smith","R"
"Ryan Smith","R"
"Ted Stuka","R"
"Michael Toglia","S"
"Anthony Veneziano","L"
"Joseph Walsh","L"
"Keaton Weisz","R"
"Colby White","R"
"Garrett Wolforth","S"
"Cory Wood","L"
"Michael Young","R"
"Michael Young","R"
"AJ Block","L"
"Will Brennan","L"
"Jordan Butler","L"
"Cameron Cannon","R"
"Matthew Canterino","R"
"Hayden Cantrelle","S"
"Marc Coffers","R"
"James Cosentino","L"
"Cal Coughlin","S"
"Jordan Cox","R"
"Declan Cronin","R"
"Logan Davidson","S"
"Tyler Dyson","R"
"William Ethridge","R"
"Logan Foster","R"
"Nic Gaddis","R"
"Peyton Glavine","R"
"Pete Hamot","R"
"Maverick Handley","R"
"Herbert Iser","L"
"Edouard Julien","L"
"Brent Killam","L"
"Ian Koch","R"
"Owen Lamon","R"
"Austin Langworthy","L"
"Adam Laskey","R"
"Jack Little","L"
"Austin Masel","L"
"Patrick McGowan","L"
"Daniel Metzdorf","L"
"Nick Mikolajchak","R"
"Mitchell Miller","L"
"Terence Norman","R"
"Scott Politz","R"
"Logan Rinehart","R"
"CJ Schaeffer","R"
"Tommy Sheehan","L"
"TJ Sikkema","L"
"Davis Sims","R"
"Carson Spiers","R"
"Mitchell Stone","L"
"Kyle Stowers","L"
"Spencer Strider","R"
"Zach Stromberg","L"
"Matt Trehub","L"
"Alexander Volpi","R"
"Matt Wallner","L"
"Taylor Wilkes","R"
"Steven Williams","L"
"RJ Yeager","R"
"Jake Agnos","L"
"Justin Ammons","L"
"Tyler Baum","R"
"Michael Bienlien","R"
"Peter Bovenzi","R"
"Jacob Bradley","R"
"Kyle Brnovich","L"
"Ty Buckner","R"
"Mitch Calandra","R"
"Danny Casals","R"
"Jon Clines","L"
"Matt Cronin","L"
"Xzavion Curry","R"
"Ricky DeVito","S"
"Brad Debo","L"
"Brian Dempsey","R"
"Jack Dreyer","R"
"Logan Driscoll","L"
"Nate Eikhoff","L"
"Rob Emery","R"
"Caleb Freeman","R"
"Chris Galland","R"
"Ramon Garza","R"
"Ray Gil","R"
"Gage Gillian","R"
"Jackson Gillis","R"
"Matt Gorski","R"
"Jordan Greene","R"
"Zack Hess","R"
"George Kirby","R"
"Cal Krueger","R"
"Joe La Sorsa","L"
"Andre Lipcius","R"
"Will Matthiessen","R"
"Mason Meadows","R"
"Andrew Misiaszek","R"
"Kyle Mora","R"
"Tanner Morris","L"
"Kyle Murphy","R"
"Ben Norman","L"
"Steven Passatempo","R"
"Garrett Pearson","R"
"Danny Poidomani","L"
"Nick Rand","R"
"Gabe Rivera","R"
"Christian Santana","R"
"Luke Scherzer","R"
"Kyle Schmidt","R"
"Aaron Schunk","R"
"Ben Shields","L"
"Garrett Stallings","R"
"John Stanton","R"
"Tom Sutera","L"
"Alex Tappen","R"
"Cam Thompson","L"
"Zach Watson","R"
"Jacob Westphal","R"
"Will Wilson","R"
"Austin Wood","R"
"rob emery","R"
"rob emery","R"
"Matthew Barefoot","R"
"Braden Comeaux","R"
"Nick Derr","R"
"Griffin Dey","R"
"Connor Donahue","L"
"Adam Elliott","L"
"Wes Engle","L"
"Jordan Fowler","L"
"A.J. Franklin","L"
"Taylor Garris","R"
"Michael Geaslen","R"
"Seth Gray","L"
"Colin Hall","L"
"Trevor Hauver","R"
"William Holland","R"
"Gavin Hollowell","R"
"Keegan James","R"
"Tommy Jew","R"
"Kyle Kemp","R"
"Hayden Kettler","R"
"Zach Kohn","R"
"Michael Kreiger","R"
"Brandon LaManna","R"
"Thomas Lane","L"
"Brady Lindsly","L"
"Todd Lott","R"
"Nicholas MacDonald","R"
"Travis Marr","R"
"Matthew Marsili","R"
"Dom Masullo","R"
"Liam McGill","R"
"Mitch McIntyre","L"
"Mike Mokma","R"
"Tyler Myrick","R"
"Pedro Pages","R"
"Vinnie Pasquantino","R"
"Anthony Pecora","R"
"Ryan Pepiot","R"
"Jacques Pucheu","L"
"Casey Queener","R"
"Joseph Quintal","R"
"Jeremy Randolph","R"
"Eric Rivera","R"
"Houston Roth","R"
"Brett Schulze","R"
"Riley Self","R"
"Chris Stefl","R"
"Dylan Thomas","L"
"Parker Towns","R"
"Alec Trela","R"
"Brian Weissert","R"
"Davis Wendzel","R"
"Kyle Wilkie","R"
"Andrew Abbott","L"
"Carter Aldrete","R"
"JJ Bleday","L"
"Alex Brickman","R"
"Tyler Brown","R"
"Philip Clarke","L"
"Pat DeMarco","R"
"Anthony DiMeglio","R"
"Adam Erickson","R"
"Matt Fraizer","L"
"James Free II","S"
"Corey Gaconi","R"
"Alex Gamache","R"
"Sal Gozzo","S"
"Jaxx Groshans","R"
"Lucas Hall","L"
"Josh Hendrickson","L"
"Elijah Herrick","L"
"Isaiah Kearns","R"
"Kevin Kelly","R"
"Carlisle Koestler","R"
"Zac Kristofak","R"
"Joey Lancellotti","R"
"Justin Lavey","R"
"Michael Mahony","R"
"Andrew Martinez","R"
"Ricky Martinez","R"
"Quincy McAfee","R"
"Eddie McCabe","R"
"Kade Mechals","R"
"Kevin Milam","R"
"Erik Miller","L"
"Aaron Ochsenbein","R"
"Riley Ornido","R"
"Nicholas Osborne","R"
"Mitchell Senger","L"
"Justin Showalter","R"
"Shay Smiddy","R"
"Noah Song","R"
"Spencer Steer","R"
"Enzo Stefanoni","R"
"Graeme Stinson","L"
"Levi Stoudt","R"
"Brandon White","R"
"Logan Wyatt","L"
"Kenyon Yovan","R"
"Tyler Ahearn","R"
"Michael Amditis","R"
"Carter Bach","R"
"Dante Baldelli","R"
"Joseph Baran","L"
"Serafino Brito","R"
"Jeffery Brown","L"
"Jeffery Brown","L"
"Cody Carroll","R"
"Cade Cavalli","R"
"Brendan Cellucci","L"
"Dominic Clementi","L"
"Isaac Collins","S"
"Jackson Coutts","L"
"Jackson Coutts","L"
"Matt Cronin","L"
"Gus Culpo","L"
"Oliver Dunn","L"
"Mason Feole","L"
"Dominic Fletcher","L"
"Nathan Florence","R"
"Ryan Garcia","R"
"Eric Gilgenbach","R"
"Justin Glover","L"
"Jakob Goldfarb","R"
"Zach Hart","R"
"MacGregor Hines","R"
"Jared Horn","R"
"Skyler Hunter","S"
"Josh Jung","R"
"Tyler Keysor","R"
"Ryan Kreidler","R"
"Lael Lockhart Jr.","S"
"Easton Lucas","L"
"Connor Lunn","R"
"Gian Martellini","R"
"Joseph Matulovich","R"
"Drew Millas","S"
"Thomas Miller","R"
"McKinley Moore","R"
"Bryant Packard","L"
"Pavin Parks","L"
"Parker Phillips","R"
"Will Proctor","R"
"Jack Ralston","R"
"Anthony Romanelli","L"
"Luke Roskam","L"
"Dominic Savino","R"
"Austin Shenton","L"
"Alex Stiegler","R"
"Bryson Stott","L"
"Ryan Stoudemire","R"
"Sahid Valenzuela","S"
"Andrew Vaughn","R"
"Ken Waldichuk","L"
"Derek West","R"
"Brendan White","R"
"Jeremy Ydens","R"
"Tyler Yeh","R"
"Reese Albert","L"
"Zach Ashford","L"
"Patrick Bailey","S"
"Tristan Baker","L"
"Brady Batten","R"
"Bradlee Beesley","R"
"Noah Campbell","S"
"Logan Chapman","L"
"Charlie Concannon","L"
"Quin Cotton","R"
"Mike Cowell","R"
"Andrew Daschbach","R"
"Blake Deatherage","R"
"Jonathan Deluca","S"
"Trenton Denholm","R"
"Matthew Dyer","R"
"Jensen Elliott","R"
"Kale Emshoff","R"
"Mason Erla","R"
"Chandler Fidel","L"
"Braidyn Fink","L"
"William Frank","R"
"Justin Friedman","R"
"Vito Friscia","R"
"Jim Govern","R"
"David Hamilton","L"
"Michael Henley","R"
"Tommy Henry","L"
"Quinn Hoffman","R"
"Brant Hurter","L"
"Gordon Ingebritson","R"
"Michael James","L"
"Karl Kauffmann","R"
"Adam Kerner","R"
"Sam Kessler","R"
"Christian Koss","R"
"Jack Leftwich","R"
"Tommy Mace","R"
"Tyler Madrigal","L"
"Alec Marsh","R"
"Andrew Martinez","R"
"Gabe Matthews","L"
"Ryne Nelson","R"
"Micah Pries","L"
"Nick Quintana","R"
"Luke Robinson","L"
"Kyle Schmidt","R"
"Bruce Steel","R"
"Randy Taveras","R"
"Randy Taveras","R"
"Brent Teller","R"
"Matthew Toke","L"
"Mitchell Tyranski","L"
"Luke Waddell","L"
"Nathan Wiles","R"
"Taylor Young","R"
"Zach Zubia","R"
"jordan butler","L"
"Cade Beloso","L"
"Noah Bridges","L"
"Tyler Brosius","R"
"Nick Brueser","R"
"Alec Burleson","L"
"Peter Burns","L"
"Blake Burzell","R"
"Jacob Campbell","R"
"Erubiel Candelario","R"
"Robert Carmody","R"
"Robert Cerulle","R"
"Cal Christofori","R"
"Joshua Culliver","R"
"AJ Curtis","R"
"Ryan Cusick","R"
"Henry Davis","R"
"Giovanni DiGiacomo","L"
"Nick Dombkowski","R"
"Derek Duffy","R"
"Colby Dunlop","L"
"Jud Fabian","R"
"Kyler Fedko","R"
"Jimmy Glowenke","R"
"Paul Gozzo","R"
"Nicholas Grabek","R"
"Jackson Greer","R"
"Sean Harney","L"
"Kyle Hess","L"
"Karl Johnson","R"
"Haydn King","L"
"Michael Kirian","R"
"Heston Kjerstad","L"
"Mac Lardner","R"
"Jake Mackenzie","R"
"Joshua Madole","L"
"Casey Martin","R"
"Cody Morissette","L"
"Shane Muntz","R"
"Jared Poland","R"
"Nicholas Richmond","R"
"Brendan Rivoli","L"
"Braxton Roxby","R"
"Harrison Rutkowski","R"
"Adam Schwartz","R"
"Kieran Shaw","R"
"Wesley Tobin","R"
"NiP Trogrlic-Iverson","R"
"Zavier Warren","S"
"Alika Williams","R"
"Jacob Winger","R"
"JP Woodward","L"
"Kerry Wright","R"
"Ernie Yake","L"
"Peyton Alford","L"
"Brett Auerbach","R"
"Luke Berryhill","R"
"Mason Black","R"
"Ryan Bliss","R"
"Coby Boulware","R"
"Marcos Castanon","R"
"Carson Coleman","R"
"T.J. Collett","L"
"Brian Craven","R"
"Joshua Crouch","R"
"Colin Davis","R"
"Ciaran Devenney","R"
"Noah Dickerson","L"
"Mason Dodd","R"
"Damon Dues","L"
"Duke Ellis","L"
"Stephen Emanuels","R"
"Sean Fisher","R"
"Eric Foggo","R"
"Tyler Follis","R"
"Jesse Franklin","L"
"Tyler Gentry","R"
"Tyler Hardman","R"
"Daniel Harper","R"
"Chance Huff","R"
"Sean Hunley","R"
"Chandler Jozwiak","R"
"Ben LaSpaluto","R"
"Cameron Locklear","R"
"Seth Lonsway","L"
"William McKay","R"
"Matthew Mikulski","L"
"Christian Molfetta","R"
"Jimmy Ramsey","L"
"Brennan Reback","L"
"Sean Roberts","R"
"Connor Shamblin","R"
"Jonah Smith","R"
"Alerick Soularie","R"
"Dominic Toso","R"
"Cam Tringali","R"
"Justin Vought","R"
"Kurt Wilson","R"
"Aaron Winkler","R"
"Gage Workman","S"
"Dane Acker","R"
"Jorge Arenas","R"
"Cole Ayers","R"
"Luke Bartnicki","L"
"Vincenzo Bologna","R"
"Riley Boyd","R"
"Cade Cabbiness","L"
"Zach Cable","R"
"Kendrick Calilao","R"
"Ausley Carraway","L"
"Jack Conlon","R"
"RJ Dabovich","R"
"Cooper Davis","L"
"Tyler Doanes","R"
"Daniel Federman","L"
"Adan Fernandez","R"
"Hugh Fisher","R"
"Saul Garza","R"
"Andrew Hague","R"
"Colin Hall","L"
"Jake Hamilton","R"
"Mason Hazelwood","L"
"Dane Kapande","R"
"Haydn King","L"
"Nick Krauth","R"
"Kolby Kubichek","R"
"Ty Madden","R"
"Dawson Merryman","L"
"Zack Miller","R"
"Hueston Morrill","R"
"II, OGuinn","R"
"Jack Owen","L"
"Drenis Ozuna","R"
"Aaron Palensky","R"
"Kaden Polcovich","S"
"Ben Ramirez","L"
"Keaton Rice","L"
"Parker Scott","L"
"Zarion Sharpe","R"
"Brady Smith","R"
"Cooper Swanson","R"
"Alejandro Toral","L"
"Spencer Torkelson","R"
"Austin Vernon","R"
"Anthony Vilar","L"
"Paxton Wallace","R"
"Logan Walters","R"
"Charlie Welch","R"
"Jeremy Wu-Yelland","L"
"Oraj Anu","S"
"Cole Beavin","R"
"Richard Brereton","R"
"Joe Casey","L"
"Parker Chavers","L"
"Harrison Cohen","R"
"Kevin Conley","R"
"Andrew Czech","L"
"Colin Davis","R"
"Mason Dodd","L"
"Matthew Donlan","R"
"Duke Ellis","L"
"ChristopherP Farrell","R"
"Sam Ferri","R"
"Nick Gonzales","R"
"Cameron Hill","L"
"Bo Hofstra","R"
"ChristopherP Holcomb","R"
"Trey Holland","L"
"Grant Holman","R"
"Reid Johnston","L"
"Nick Jones","L"
"Evan Justice","L"
"Coltyn Kessler","L"
"GeonHyoung Kim","L"
"Joey Loperfido","L"
"Allbry Major","S"
"Robert Martin","L"
"Zachary McCambley","L"
"Mason McWhorter","L"
"Matthew Mervis","L"
"Matt Moore","R"
"Joseph Nahas","R"
"Jacob Nemith","R"
"Kyle Nicolas","R"
"Casey Opitz","S"
"Adam Oviedo","R"
"Cody Pasic","L"
"Holden Powell","R"
"Kole Ramage","R"
"Daniel Ritcheson","R"
"Christian Robinson","L"
"Casey Schmitt","R"
"Sean Sullivan","S"
"Ronald Sweeny","L"
"Nick Swiney","R"
"Christopher Troye","R"
"Joey Walsh","L"
"Beck Way","R"
"Camryn Williams","S"
"Donta Williams","L"
"Jackson Wolf","L"
"Robert Ahlstrom","L"
"Franco Aleman","R"
"Ryan Berardino","R"
"Brant Brown","R"
"Zachary Brzykcy","R"
"Hayden Cantrelle","S"
"Steven Casey","R"
"Ben Casparius","R"
"Troy Claunch","R"
"Jackson Coutts","L"
"Trei Cruz","S"
"Zach Deloach","L"
"Javin Drake","R"
"Shane Drohan","R"
"Blake Dunn","R"
"Christian Edwards","R"
"Max Ferguson","L"
"Justin Foy","R"
"Jake Frasca","R"
"Thomas Girard","R"
"Chris Gonzalez","L"
"Sean Harrington","L"
"Kenneth Haus","R"
"Logan Hofmann","L"
"Noah Holland","R"
"Maddux Houghton","R"
"Kevin Kendall","L"
"Austin Langworthy","L"
"Bradley Littleton","R"
"Aidan Maldonado","R"
"Austin Masel","L"
"Bryce Miller","R"
"Carmen Mlodzinski","R"
"Steven Moretto","R"
"Sean Mullen","R"
"Nick Nastrini","R"
"Matheu Nelson","R"
"Baron Radcliff","L"
"Tyler Ras","S"
"Chris Rinaldi","R"
"Hayden Rosenkrantz","R"
"Tommy Sheehan","L"
"Taylor Smith","R"
"Samuel Strickland","R"
"Luke Sutko","R"
"Tim Tawa","R"
"Noah Thompson","L"
"Michael Turner","L"
"Alex Volpi","R"
"Sam Weatherly","L"
"Justin Wrobleski","L"
"Caleb Wurster","L"
"Cory Acton","L"
"Logan Allen","R"
"Cam Baumann","L"
"Joe Boyle","R"
"Ben Brooks","R"
"Jordan Butler","L"
"Daniel Cabrera","L"
"Brian Dempsey","R"
"Devin Dunn","R"
"Blake Espinal","L"
"Christian Fedko","R"
"Chris Galland","R"
"Jackson Greer","R"
"Sean Harrington","L"
"IV, Harris","R"
"Buddy Hayward","R"
"Will Heflin","L"
"Hal Hughes","R"
"Jacob Hurtubise","L"
"Niko Kavadas","L"
"Tyler Keenan","L"
"Matt Koperniak","L"
"Chris Lanzilli","R"
"Joseph Lomuscio","R"
"Michael Ludowig","L"
"Eduardo Malinowski","R"
"Max Marusak","R"
"Connor McCullough","R"
"Antonio Menendez","R"
"Sean Miller","R"
"Dylan Neuse","R"
"Caden OBrien","R"
"Matt Oldham","L"
"Devin Ortiz","R"
"Jacob Palisch","L"
"Michael Rothenberg","S"
"Connor Sechler","R"
"Bobby Seymour","L"
"Carson Seymour","R"
"Evan Shawver","R"
"Ryan Smith","L"
"Nick Stewart","R"
"Wade Strain","R"
"John Teehan","R"
"Cameron Thompson","L"
"Riley Tirotta","R"
"Greg Tobin","L"
"Tommy Vail","R"
"Hunter Waldis","R"
"Jared Wetherbee","L"
"Jr., Wiemer","R"
"Patrick Winkel","L"
"Connor Yoder","R"
"Nick Zwack","L"
"Ben Abram","R"
"Glenn Albanese","R"
"Tanner Allen","L"
"Konnor Ash","R"
"Brooks Carlson","R"
"Billy Corcoran","R"
"Nolan Crisp","R"
"Trevor DeLaite","R"
"Jared DeSantolo","L"
"Tyler Drabick","R"
"Lucas Dunn","R"
"Ian Fair","R"
"PatrickP Fredrickson","R"
"Alex Garbrick","R"
"Hunter Goodman","R"
"Adam Hackenberg","R"
"Trevor Hauver","L"
"Jonathan Hughes","R"
"Holt Jones","R"
"Rowdey Jordan","S"
"Edouard Julien","L"
"Landon Kelly","R"
"Nathan Lavender","L"
"Nick Loftin","R"
"Tyler Mattison","L"
"Angus McCloskey","R"
"Tommy McCollum","R"
"Chad McDaniel","S"
"Griff McGarry","R"
"Mitch McIntyre","L"
"Justin Mitchell","R"
"Nick Mondak","L"
"David Moore","L"
"Rigsby Mosley","L"
"Kyle Murphy","R"
"Jackson Olson","L"
"Cole Pletka","R"
"Joseph Quintal","R"
"Jonah Scolaro","L"
"Fox Semones","R"
"Anthony Servideo","L"
"TJ Stuart","R"
"Joe Sullivan","L"
"Bryce Teodosio","R"
"Samuel Thoresen","R"
"Jordan Westburg","R"
"Kyle Whitten","R"
"Adam Zeratsky","S"
"Andrew Abbott","L"
"David Avitia","R"
"Donovan Benoit","R"
"Zach Britton","L"
"Zach Daniels","R"
"Jake Eder","L"
"Rob Emery","R"
"Isaac Esqueda","L"
"Trevin Esquerra","S"
"Kamron Fields","R"
"Nick Frasso","R"
"Nick Garcia","L"
"Raymond Gil","R"
"Matthew Goodheart","L"
"Michael Hobbs","R"
"Jacob Hurtubise","L"
"Michael Johnson","R"
"Trevor Johnson","R"
"Dominic Keegan","R"
"Zach Kokoska","L"
"Jordan Lala","L"
"Jared Leins","R"
"AJ Lewis","R"
"Carter Lohman","L"
"Austin Love","R"
"Julio Marcano","R"
"Eddie McCabe","R"
"Dawson McCarville","R"
"Reid McLaughlin","R"
"Tim Miller","R"
"Tanner Murray","R"
"Connor Pellerin","R"
"Jeffrey Praml","R"
"Benjamin Sears","R"
"Adam Seminaris","R"
"Danny Serretti","S"
"Owen Sharts","R"
"Justin Showalter","R"
"Jared Shuster","L"
"Noah Skirrow","R"
"Angelo Smith","L"
"David Stiehl","R"
"Hayden Thomas","R"
"Max Troiani","R"
"Mike Vasil","L"
"Zebulon Vermillion","L"
"Chase Wallace","R"
"Shay Whitcomb","R"
"Cole Wilcox","R"
"Josh Zamora","R"
"Mike Antico","L"
"Darren Baker","L"
"Joseph Baran","L"
"Dallas Beaver","L"
"Ian Bedell","R"
"Tanner Bibee","R"
"Jack Blomgren","R"
"Brendan Cellucci","L"
"Quinn Cleary","R"
"Coy Cobb","R"
"Aaron Davenport","R"
"Castillo, Del","L"
"Pete Derkay","L"
"Trey Dillard","R"
"Kevin Eaise","R"
"Bryce Elder","R"
"Jack Enger","R"
"Lane Flamm","L"
"William Fleming","R"
"Justin Foscue","R"
"Jonathan Gates","L"
"Brooks Gosswein","L"
"Kameron Guangorena","L"
"Garrett Irvin","L"
"Conor Larkin","R"
"Cole Larsen","R"
"Ben Leeper","R"
"Trey Lipscomb","R"
"Zack Mathis","L"
"ChristopherP Mauloni","L"
"Matt McLain","R"
"Tevin Murray","L"
"Toranosuke Otsuka","L"
"Trent Palmer","R"
"Brandon Pfaadt","R"
"DJ Poteet","S"
"Levi Prater","S"
"David Rhodes","R"
"Nicholas Richmond","R"
"Joe Rock","R"
"Landen Roupp","R"
"Matthew Rudick","L"
"Jason Ruffcorn","R"
"Quentin Selma","L"
"Benjamin Sems","L"
"Drew Sims","R"
"Cole Stetzar","R"
"Chad Stevens","R"
"Jacob Teter","L"
"Andrew Thomas","L"
"Eric Torres","L"
"Lukas Veinbergs","R"
"Braiden Ward","L"
"Michael Webb","L"
"Austin Weiermiller","L"
"Sam Wezniak","R"
"Jeremy Williams","R"
"Jack Winkler","R"
"Caleb Wurster","L"
"Bradlee Beesley","R"
"John Beller","L"
"Eric Bigani","R"
"Noah Campbell","S"
"Noah Cardenas","R"
"Oscar Carvajal","R"
"Brady Corrigan","R"
"Jeffrey Costello","R"
"Trenton Denholm","R"
"Mark DiLuia","R"
"Taylor Dollard","R"
"Brandon Dufault","R"
"Gavin Dugas","R"
"William Escala","R"
"Andrew Eyster","R"
"Jackson Greer","R"
"Joseph Hall","R"
"Ryan Hare","R"
"Brendan Hueth","L"
"Gordon Ingebritson","R"
"Adam Jeannette","R"
"Jack Jett","R"
"Cullen Kafka","R"
"Adam Kerner","R"
"Riley King","R"
"Trevor Kniskern","R"
"Jack Leftwich","R"
"Carlos Lomeli","R"
"Zack Matthews","R"
"Nolan McCarthy","R"
"Ryne Moore","R"
"Andrew Mundy","R"
"Noah Myers","L"
"Daylan Nanny","L"
"Jake Palmer","L"
"Will Picketts","R"
"Cole Pletka","R"
"Tate Samuelson","R"
"Ian Seymour","L"
"Chase Smith","R"
"Ledgend Smith","R"
"Cole Stetzar","R"
"David Stiehl","R"
"Jake Suddleson","R"
"Drew Swift","R"
"Carson Taylor","S"
"Riley Tirotta","R"
"Erik Tolman","L"
"Kooi, Vander","R"
"Luke Waddell","L"
"Chase Walter","R"
"Ronald Washington","R"
"Michael Weisberg","R"
"Austin Wells","L"
"Jacob Winger","R"
"Jack-Thomas Wold","L"
"R.J. Yeager","R"
"Wyatt Young","L"
"Jake Alu","L"
"Luis Alvarado","R"
"Andy Atwood","R"
"Tyler Barss","R"
"Nick Bennett","L"
"Daniel Bies","R"
"Spencer Brickhouse","L"
"Turner Brown","S"
"Timothy Cate","R"
"Dylan Coleman","R"
"Andrew Crane","L"
"Brian Eichhorn","R"
"Jeremy Eierman","R"
"Ryan Feltner","R"
"Tyler Fitzgerald","R"
"Andrew Fregia","R"
"Ray Gaither","R"
"Jameson Hannah","L"
"Carter Henry","R"
"Zack Hess","R"
"Bryan Hoeing","R"
"Christopher Holba","S"
"Nick Johnson","R"
"Eli Kraus","L"
"Bounty, La","R"
"Sean Leland","R"
"Lyle Lin","R"
"Chad Luensmann","L"
"Kyle Marman","R"
"Kyle Martin","R"
"Logan McRae","R"
"Ian Miller","R"
"Zach Mort","R"
"Jack Nelson","R"
"Richard Palacios","L"
"PJ Poulin","R"
"Anthony Prato","R"
"Patrick Raby","R"
"Kevin Radziewicz","R"
"Ronnie Rossomando","R"
"Christian Ryder","R"
"Scott Schreiber","R"
"Ryan Simpler","R"
"Jared Skolnicki","R"
"Baylor Sundahl","R"
"Zac Susi","L"
"Jared Triolo","R"
"Blake Whitney","R"
"Grant Williams","L"
"Grant Witherspoon","L"
"Ryan Avidano","L"
"Matthew Beck","R"
"Hunter Bishop","R"
"Sam Bordner","R"
"Robert Broom","R"
"Martin Costes","R"
"Michael Curry","R"
"Ryan Cyr","R"
"Davis Daniel","R"
"Kyle Datres","R"
"Joe DeMers","R"
"Troy Dixon","R"
"Nicholas Dunn","R"
"Devin Foyle","L"
"Zack Gahagan","R"
"Michael Gasper","R"
"Chris Givin","R"
"AJ Graffanino","R"
"Connor Higgins","L"
"Darius Hill","L"
"Julian Infante","R"
"Stephen Jones","R"
"Justin Kunz","R"
"Zach Linginfelter","R"
"Tony Locey","R"
"ChristopheP Machamer","R"
"J.R. McDermott","R"
"Shane McDonald","L"
"Conor McNamara","R"
"Troy Miller","R"
"Paul Milto","R"
"Joe Molettiere","R"
"Christian Molfetta","R"
"Andrew Pagnozzi","R"
"Anthony Prato","R"
"Cj Pruitt","R"
"Drew Reveno","R"
"Zach Schneider","R"
"Pete Schuler","R"
"Connor Smith","R"
"Bradley Spooner","R"
"Jonathan Stiever","R"
"Travis Swaggerty","L"
"Chandler Taylor","L"
"Cesar Trejo","R"
"William Tribucher","L"
"Steele Walker","R"
"Taylor Williams","R"
"John Aiello","R"
"DJ Artis","L"
"Kyle Baker","R"
"Jeff Belge","L"
"Austin Bergner","R"
"Cameron Bishop","L"
"Bobby Brennan","R"
"Bo Burrup","L"
"Donovan Casey","R"
"Jack DeGroat","R"
"Austin Edens","R"
"RJ Freure","R"
"Josiah Gray","R"
"Dan Hammer","R"
"Ryan Hedrick","R"
"Adam Hill","R"
"Jr., Hutchison","R"
"Landon Kay","R"
"Reiss Knehr","L"
"Mason Koppens","R"
"Shea Langeliers","R"
"Justin Lasko","R"
"Joseph Lienhard","R"
"Taylor Luciani","R"
"Colby Maiola","L"
"John Mazza","R"
"Ashton McGee","R"
"Daniel Metzdorf","L"
"Eli Nabholz","R"
"Jacob Olson","R"
"Andre Pallante","R"
"Jake Palomaki","R"
"Nick Patten","R"
"Fabian Pena","R"
"Jeremy Pena","R"
"Jack Perkins","R"
"Antonio Ralat","R"
"Nick Rand","R"
"Cody Roberts","R"
"Josh Shaw","R"
"John Signore","R"
"Nick Silva","R"
"Jacob Stevens","R"
"Josh Stowers","R"
"Jimmy Titus","R"
"Adam Wolf","L"
"Luke Alexander","S"
"Joshua Andrews","L"
"Chandler Avant","R"
"Mitchell Bigras","L"
"Jason Bilous","R"
"Michael Byrne","R"
"Chase Cohen","L"
"Zane Collins","L"
"Griffin Conine","L"
"Clark Cota","R"
"John Cresto","R"
"Noah Davis","R"
"Christian Demby","R"
"Thomas Dillard","S"
"Harrisen Egly","L"
"Jacob Erickson","L"
"Collin Fleischer","R"
"Daniel Gardner","L"
"Keyton Gibson","R"
"Ivan Gonzalez","R"
"Alex Hanson","R"
"Justin Hooper","R"
"David Inman","R"
"Greyson Jenista","L"
"Kyle Kemp","R"
"Dylan King","R"
"Brett Kinneman","L"
"Austin Kitchen","R"
"Zack Kone","R"
"Taylor Lehman","L"
"Miles Lewis","S"
"Gian Martellini","R"
"Mark Moclair","R"
"Matthew Pita","R"
"Brian Rapp","R"
"Blake Reese","S"
"Josh Rolette","L"
"Stephen Schoch","R"
"Adam Scott","L"
"Luke Shilling","R"
"Chase Shugart","L"
"Seth Shuman","R"
"Mitch Stallings","L"
"Ako Thomas","R"
"Michael Toglia","S"
"Andrew Turner","R"
"Jayce Vancena","R"
"Terrin Vavra","L"
"Derrick Adams","L"
"Marty Bechina","R"
"Austin Biggar","R"
"Ellis Bitar","R"
"Tyler Blohm","L"
"Alec Bohm","R"
"Kyle Bradish","R"
"Joshua Breaux","R"
"Willie Burger","R"
"Tanner Burns","R"
"Luke Corbin","S"
"Clayton Daniel","R"
"Logan Davidson","S"
"Zeke Dodson","R"
"Connor Eason","L"
"William Ethridge","R"
"Dalton Feeney","R"
"Durbin Feltman","R"
"Chris Fowler","L"
"Israel Fuentes","R"
"Brian Gadsby","R"
"Jordan Gubelman","R"
"Ignacious Janca","R"
"Ian Koch","R"
"Austin Langworthy","L"
"Trevor Larnach","L"
"Zachary Leban","R"
"Ryan Leckich","S"
"Deacon Liput","L"
"James McArthur","R"
"Parker McFadden","R"
"Jacson McGowan","R"
"Matt Mercer","R"
"Mitchell Miller","L"
"Matthew Murphy","R"
"Cameron ONeill","R"
"Jack Pabich","R"
"Robbie Peto","R"
"Scott Politz","R"
"Thomas Ponticelli","R"
"Adley Rutschman","S"
"Cole Sands","R"
"Cody Shelton","R"
"Lee Solomon","R"
"Hunter Steinmetz","L"
"Joshua Watson","S"
"Dale Wickham","L"
"Ryan Zeferjahn","R"
"Jake Agnos","L"
"Cole Aker","R"
"Peyton Alford","L"
"Joey Bart","R"
"Tyler Baum","R"
"Jacob Billingsley","R"
"Logan Browning","L"
"Max Burt","R"
"Brian Christian","R"
"Nick Dalesandro","R"
"Cullen Dana","L"
"Bradley Debo","R"
"Antoine Duplantis","L"
"Jake Farrell","R"
"Matthew Frisbee","R"
"Christopher Gau","R"
"Dylan Grove","R"
"Austin Hansen","R"
"Tim Herrin","L"
"Jonathan India","R"
"Cal Krueger","R"
"Jake McCarthy","L"
"Owen Miller","R"
"Travis Moniot","R"
"Andrew Moritz","R"
"Kyler Murray","R"
"Justin Novak","R"
"Ryne Ogren","R"
"Mitchell Powers","R"
"Zach Reid","L"
"Theodore Rodliff","L"
"Jamie Sara","R"
"Cameron Simmons","R"
"Josh Smith","R"
"Noah Song","R"
"Chris Vallimont","R"
"Cobie Vance","R"
"Jordan Verdon","R"
"Matt Vierling","R"
"DwaOF Williams-Sutton","R"
"John Witkowski","R"
"Trysten Barlow","L"
"Michael Brettell","R"
"Wyatt Burns","R"
"Micah Coffey","L"
"Ricky Constant","L"
"Kevin Coulter","R"
"Brooks Crawford","R"
"Griffin Dey","R"
"Dominic DiCaprio","R"
"Brendan Donovan","L"
"Austin Drury","L"
"Tyler Frank","R"
"Ryley Gilliam","R"
"Connor Green","R"
"Reece Hampton","S"
"Chase Haney","R"
"James Harrington","L"
"Ismael Herrera","R"
"MD Johnson","R"
"Dakota Julylia","R"
"Kevin Kernan","L"
"Ethan Larrison","R"
"Reid Leonard","R"
"Jake Mangum","S"
"Jordan Martinson","L"
"Matthew Mervis","L"
"Cole Murphy","L"
"Robert Neustrom","L"
"Ryan Olenek","R"
"Chris Proctor","L"
"Ford Proctor","L"
"Ryan Rigby","R"
"Daniel Robinson","L"
"Thomas Russo","L"
"Blake Sanderson","R"
"Nick Sandlin","R"
"Brandt Stallings","R"
"Connor Stephens","L"
"Marc Stewart","R"
"Hunter Stovall","R"
"Joseph Sullivan","L"
"Nick Swan","R"
"Cesar Trejo","R"
"Christian Tripp","R"
"Davis Vainer","R"
"Tyler Vaughn","R"
"Ryan Weiss","R"
"Dallas Woolfolk","R"
"Cole Austin","R"
"Canaan Cropper","R"
"Brett Daniels","R"
"Chandler Day","R"
"Cody Deason","R"
"Niko Decolati","R"
"Logan Gilbert","R"
"Jackson Goddard","R"
"Romy Gonzalez","R"
"Pre, Grand","R"
"Jaxx Groshans","R"
"Austin Hale","R"
"Jimmy Herron","R"
"Josh Hiatt","R"
"JT Hintzen","R"
"Jeff Houghtby","L"
"Cooper Johnson","R"
"Parker Kelly","R"
"Daniel Lynch","L"
"Devin Mann","R"
"Joey Murray","L"
"Lars Nootbaar","L"
"Ryan Orr","R"
"Steven Passatempo","R"
"Ethan Paul","L"
"Brandon Riley","L"
"Ryan Rolison","R"
"Cesar Salazar","L"
"Stephen Scott","L"
"Brandon Shearer","L"
"Kevin Smith","R"
"Graeme Stinson","L"
"Kevin Strohschein","R"
"Taylor Sugg","R"
"Riley Thompson","L"
"Bryce Tucker","S"
"Brooks Wilson","L"
"Jake Wong","R"
"John Amendola","L"
"Jake Anchia","R"
"Nick Angelini","R"
"Ben Baird","R"
"Frankie Bartow","R"
"Luke Bonfield","R"
"Jordan Britton","L"
"Blakely Brown","R"
"Brad Case","R"
"Brett Conine","R"
"Peyton Culbertson","R"
"Giovanni Dingcong","R"
"Tanner Dodson","S"
"Joe Drpich","L"
"Jarren Duran","L"
"Nate Fassnacht","R"
"Mason Feole","L"
"Riley Gates","L"
"Franklin German","R"
"Justin Glover","L"
"Justin Hagenman","R"
"Aaron Hernandez","R"
"Miller Hogan","R"
"Ben Johnston","R"
"Kyle Kasser","L"
"Kyle Knauth","L"
"Steven Kwan","L"
"Brandon Lockridge","R"
"Barrett Loseke","R"
"Willie MacIver","R"
"Joey Matulovich","R"
"Robert Metz","R"
"Justin Montgomery","R"
"John Murphy","R"
"Will Neely","R"
"Samuel Nepiarsky","R"
"Ben Olson","L"
"Tristan Pompey","S"
"Darrien Ragins","L"
"Dalton Roach","R"
"Griffin Roberts","R"
"Andrew Ryan","R"
"Blake Sabol","L"
"Andrew Shadid","R"
"Cody Smith","R"
"Cody Smith","R"
"FitzpatrickP Stadler","R"
"Randy Taveras","R"
"John Toppa","R"
"Chris Weiss","R"
"Chris Weiss","R"
"Brendan White","S"
"Grant Wolfram","L"
"Noah Zavolas","R"
"Garrett Zech","R"
"Daniel Amaral","R"
"Cameron Beauchamp","L"
"Karl Blum","R"
"Tim Brennan","R"
"Kris Bubic","L"
"Michael Cassala","R"
"Charlie Concannon","R"
"Carlos Cortes","R"
"Kole Cottam","R"
"Jake Crawford","R"
"Andrew Daschbach","R"
"Jonah Davis","R"
"Domenic DeRenzo","R"
"TylSS Depreta-Johnson","R"
"Justin Friedman","R"
"Nick Gallagher","R"
"Tanner Graham","R"
"Hogan Harris","L"
"Edward Haus","R"
"Tommy Henry","L"
"Nico Hoerner","R"
"Kyle Isbel","R"
"Cooper Johnson","R"
"Connor Kaiser","R"
"Karl Kauffmann","R"
"Christian Koss","R"
"AUBREY MCCARTY","R"
"Cody Martin","R"
"Riley McCauley","R"
"Alex McKenna","R"
"Josh McMinn","R"
"Drew Mendoza","R"
"Nick Meyer","R"
"Luke Miller","R"
"Brendan Nail","L"
"BRETT POPE","R"
"Hunter Parsons","R"
"Carter Pharis","R"
"Andrew Quezada","R"
"Nicholas Quintana","R"
"Alfonso Rivas","L"
"John Rooney","L"
"Grant Schuermann","L"
"Christopher Sharpe","R"
"Jake Slaughter","R"
"Dylan Stock","R"
"Brent Teller","R"
"Troy Terzi","R"
"Darren Trainor","R"
"Scoyoc, Van","L"
"Jacob Wloczewski","R"
"Sean Wymer","R"
"duke kinamon","R"
